Data_Hora,Dificuldade,Populacao,Geracoes_Treinadas,Fitness_Max,Fitness_Medio,Elite_HP,Elite_Atk,Elite_AtkSpd,Elite_MovSpd,Elite_Sobrevivencia,Elite_Desvios,Elite_Colisoes,Elite_DanoCausado,Elite_DanoTomado,Tempo_Treino_Seg,Modo_EDS
2026-09-30 20:05:31,1,20,33,3798.36,3162.75,10,50,4.07,1.01,29.95,22,0,6777.72,0.00,30.16,0
2026-09-30 20:05:32,1,20,37,3783.71,2885.77,10,50,4.01,1.12,29.95,23,0,6738.42,0.00,34.32,0
2026-09-30 20:05:33,1,20,35,3782.83,3009.38,10,50,4.01,1.14,29.95,25,0,6716.66,0.00,35.11,0
2026-09-30 20:05:35,1,20,41,3794.31,2970.91,10,50,4.07,1.00,29.95,24,0,6749.61,0.00,37.15,0
2026-09-30 20:05:36,1,20,43,3812.22,3098.35,10,50,4.06,1.02,29.95,26,0,6765.44,0.00,39.12,0
2026-09-30 20:05:38,1,20,43,3781.50,3103.67,15,50,4.00,1.00,29.95,23,0,6734.00,0.00,39.43,0
2026-09-30 20:05:38,1,20,41,3795.03,2884.73,10,50,4.08,1.04,29.95,26,0,6731.07,0.00,36.82,0
2026-09-30 20:05:38,1,20,43,3788.69,3070.55,11,50,4.02,1.01,29.95,22,0,6758.39,0.00,39.23,0
2026-09-30 20:05:39,1,20,46,3799.06,2868.22,10,50,4.01,1.00,29.95,27,0,6729.12,0.00,39.03,0
2026-09-30 20:05:41,1,20,50,3755.49,2819.81,10,50,4.05,1.00,29.95,24,0,6671.98,0.00,43.31,0
2026-09-30 20:05:42,1,20,50,3715.83,2787.67,10,49,4.21,1.00,29.95,22,0,6612.66,0.00,42.35,0
2026-09-30 20:05:42,1,20,16,3103.06,2435.85,45,40,4.20,1.16,29.95,25,0,5357.12,0.00,11.38,0
2026-09-30 20:05:43,1,20,50,3796.20,3103.62,10,50,4.04,1.00,29.95,24,0,6753.39,0.00,43.96,0
2026-09-30 20:05:43,1,20,50,3789.04,2879.21,10,50,4.09,1.00,29.95,19,0,6789.08,0.00,46.43,0
2026-09-30 20:05:44,1,20,50,3788.45,2746.52,10,50,4.01,1.05,29.95,23,0,6747.89,0.00,43.19,0
2026-09-30 20:05:46,1,20,50,3782.21,3030.03,10,50,4.02,1.00,29.95,24,0,6725.43,0.00,46.77,0
2026-09-30 20:05:47,1,20,50,3790.68,2970.00,12,50,4.05,1.00,29.95,22,0,6762.37,0.00,46.34,0
2026-09-30 20:06:09,1,20,40,3794.06,2989.87,10,50,4.02,1.00,29.95,24,0,6749.11,0.00,32.68,0
2026-09-30 20:06:11,1,20,44,3791.71,3147.09,10,50,4.09,1.01,29.95,24,0,6744.42,0.00,39.03,0
2026-09-30 20:06:11,1,20,44,3794.25,3088.48,10,50,4.03,1.01,29.95,24,0,6749.49,0.00,38.46,0
2026-09-30 20:06:13,1,20,39,3799.40,2982.73,10,50,4.00,1.09,29.95,25,0,6749.80,0.00,31.08,0
2026-09-30 20:06:15,1,20,41,3791.64,2781.43,10,50,4.03,1.02,29.95,23,0,6754.27,0.00,32.95,0
2026-09-30 20:06:15,1,20,40,3802.45,2826.63,12,50,4.03,1.00,29.95,25,0,6755.90,0.00,36.84,0
2026-09-30 20:06:15,1,20,36,3792.82,3283.76,11,50,4.05,1.00,29.95,25,0,6736.64,0.00,31.86,0
2026-09-30 20:06:15,1,20,38,3802.56,3200.07,10,50,4.08,1.01,29.95,28,0,6726.13,0.00,32.69,0
2026-09-30 20:06:16,1,20,50,3712.48,2540.57,12,49,4.14,1.00,29.95,23,0,6595.96,0.00,37.45,0
2026-09-30 20:06:17,1,20,50,3799.68,3035.40,11,50,4.04,1.00,29.95,23,0,6770.35,0.00,42.57,0
2026-09-30 20:06:21,1,20,50,3507.35,2533.90,31,46,4.01,1.00,29.95,24,0,6175.70,0.00,42.03,0
2026-09-30 20:06:22,1,20,50,3788.76,2904.53,11,50,4.03,1.07,29.95,24,0,6738.52,0.00,43.63,0
2026-09-30 20:06:22,1,20,50,3791.48,2932.92,10,50,4.01,1.00,29.95,26,0,6723.96,0.00,40.61,0
2026-09-30 20:07:29,2,50,25,4482.05,3836.34,56,37,4.05,1.41,29.95,74,0,4301.00,0.00,72.95,0
2026-09-30 20:07:34,2,50,26,3952.49,3029.75,30,30,4.05,3.29,29.95,67,0,3709.05,0.00,76.93,0
2026-09-30 20:07:41,2,50,27,4138.31,3299.49,52,40,3.33,2.21,29.95,68,0,3931.33,0.00,80.20,0
2026-09-30 20:07:45,2,50,30,5200.09,3925.29,26,44,4.04,1.38,29.95,69,0,5248.55,0.00,90.03,0
2026-09-30 20:07:48,2,50,30,4902.72,3930.70,29,41,4.07,1.71,29.95,66,1,4934.96,25.00,95.23,0
2026-09-30 20:08:08,2,50,38,5183.64,4139.41,31,44,4.06,1.00,29.90,68,2,5295.17,50.00,117.35,0
2026-09-30 20:08:13,2,50,50,4712.18,3467.57,28,39,4.02,2.09,29.95,72,0,4608.66,0.00,149.09,0
2026-09-30 20:08:14,2,50,50,4781.25,3828.31,28,39,4.04,1.99,29.95,67,0,4745.00,0.00,147.86,0
2026-09-30 20:08:16,2,50,49,5108.30,3744.00,13,43,4.03,2.12,29.95,66,0,5163.82,0.00,124.52,0
2026-09-30 20:08:16,2,50,17,4414.88,3505.40,37,36,4.22,2.05,29.95,64,0,4317.04,0.00,47.80,0
2026-09-30 20:08:25,2,50,16,4258.62,3025.17,15,34,4.28,3.08,29.95,60,0,4161.71,0.00,50.81,0
2026-09-30 20:08:26,2,50,42,5172.36,4129.83,26,45,4.02,1.32,29.95,69,0,5213.88,0.00,137.08,0
2026-09-30 20:08:30,2,50,50,5177.16,4176.92,33,44,4.02,1.08,29.95,74,0,5169.89,0.00,162.60,0
2026-09-30 20:08:37,2,50,48,4622.19,3610.56,32,38,4.05,2.16,29.95,69,1,4554.30,25.00,141.78,0
2026-09-30 20:08:47,2,50,50,5129.80,4043.59,35,43,4.02,1.16,29.95,73,1,5148.81,25.00,151.70,0
2026-09-30 20:08:50,2,50,50,4852.26,3766.76,49,41,4.02,1.11,29.95,70,0,4803.76,0.00,154.97,0
2026-09-30 20:08:50,2,50,50,4730.54,3524.58,28,39,4.01,2.19,29.95,71,0,4641.61,0.00,148.95,0
2026-09-30 20:09:05,2,50,50,4793.81,3741.48,51,41,4.00,1.11,29.95,72,1,4738.82,25.00,163.34,0
2026-09-30 20:09:39,2,50,35,4853.09,3859.61,34,41,4.03,1.59,29.95,68,1,4852.92,25.00,118.04,0
2026-09-30 20:10:12,2,50,46,4577.74,3708.16,30,37,4.06,2.35,29.95,70,0,4460.61,0.00,147.19,0
2026-09-30 20:10:29,2,50,50,4978.95,3571.14,33,42,4.00,1.51,29.95,65,0,5012.12,0.00,160.36,0
2026-09-30 20:10:34,3,100,27,3787.80,1541.99,70,23,3.68,3.32,24.45,99,3,1750.87,75.00,103.80,0
2026-09-30 20:10:36,3,100,22,3481.94,1609.46,69,23,3.35,3.77,23.05,82,3,1695.16,75.00,90.43,0
2026-09-30 20:10:37,2,50,50,5165.39,3863.52,29,44,4.03,1.24,29.95,66,1,5263.30,25.00,140.93,0
2026-09-30 20:10:38,2,50,46,5207.26,4190.54,30,44,4.05,1.06,29.95,72,1,5255.64,25.00,145.50,0
2026-09-30 20:10:41,2,50,46,5340.91,4020.82,21,46,4.07,1.15,29.95,70,0,5414.57,0.00,144.95,0
2026-09-30 20:10:47,2,50,43,4837.88,3962.01,26,40,4.03,2.01,29.95,74,1,4773.91,25.00,137.18,0
2026-09-30 20:10:52,2,50,50,4474.53,3560.15,28,36,4.04,2.43,29.95,67,0,4361.60,0.00,163.53,0
2026-09-30 20:10:53,2,50,50,5114.42,4115.32,33,44,4.01,1.07,29.95,74,1,5119.59,25.00,158.93,0
2026-09-30 20:10:57,3,100,18,4099.62,1601.63,34,32,4.10,2.90,19.75,65,2,2417.39,50.00,77.38,0
2026-09-30 20:10:59,2,50,50,4874.68,3420.64,33,41,4.06,1.55,29.95,69,1,4869.91,25.00,153.51,0
2026-09-30 20:11:06,2,50,50,5184.97,3901.48,32,44,4.06,1.25,29.95,74,1,5207.77,25.00,159.68,0
2026-09-30 20:11:11,2,50,50,5273.85,4227.43,26,46,4.02,1.14,29.95,64,0,5390.75,0.00,153.87,0
2026-09-30 20:11:24,3,100,19,3702.70,1426.66,55,24,3.37,3.55,24.25,82,3,1854.13,75.00,71.60,0
2026-09-30 20:11:26,3,100,37,3713.77,1693.44,79,23,3.41,3.33,25.05,87,4,1827.93,100.00,155.28,0
2026-09-30 20:11:31,3,100,16,3708.36,1572.44,31,37,4.14,2.13,16.50,52,2,2289.05,50.00,62.63,0
2026-09-30 20:11:56,3,100,18,3763.26,1542.90,40,33,3.60,3.34,20.45,59,2,2182.51,50.00,64.33,0
2026-09-30 20:12:00,3,100,43,3732.12,1655.25,86,21,3.40,3.62,24.95,96,4,1755.31,100.00,193.21,0
2026-09-30 20:12:10,3,100,22,3630.74,1625.24,75,24,3.75,3.23,24.15,81,4,1837.49,100.00,91.74,0
2026-09-30 20:12:18,3,100,20,3266.04,1559.40,71,25,4.02,2.81,19.20,62,3,1795.45,75.00,72.64,0
2026-09-30 20:12:24,3,100,26,3701.56,1647.14,69,23,4.09,2.89,21.80,80,3,1924.22,75.00,103.29,0
2026-09-30 20:12:59,3,100,17,3547.00,1461.38,96,16,4.15,3.02,24.75,106,4,1505.21,100.00,63.00,0
2026-09-30 20:13:02,3,100,16,4179.16,1606.17,45,35,4.17,1.91,19.55,61,2,2527.84,50.00,61.87,0
2026-09-30 20:13:06,3,100,29,3707.72,1640.37,80,21,3.36,3.77,25.25,100,4,1688.73,100.00,127.11,0
2026-09-30 20:13:19,3,100,27,3463.18,1502.26,86,20,3.38,3.94,25.25,87,5,1646.19,125.00,113.26,0
2026-09-30 20:13:31,3,100,41,3776.61,1647.23,90,24,3.38,3.00,25.55,83,4,1909.88,100.00,163.82,0
2026-09-30 20:13:34,3,100,32,3479.04,1616.39,82,22,3.55,3.42,23.05,93,4,1613.99,100.00,130.12,0
2026-09-30 20:13:36,3,100,20,3572.99,1487.22,62,24,4.07,3.24,21.55,70,3,1922.28,75.00,72.03,0
2026-09-30 20:13:40,3,100,36,3657.48,1719.30,80,25,3.35,3.14,22.80,93,4,1767.90,100.00,148.95,0
2026-09-30 20:13:41,3,100,44,3481.64,1713.04,77,23,3.38,3.68,23.25,89,4,1651.99,100.00,185.35,0
2026-09-30 20:13:42,3,100,46,3360.56,1472.08,90,25,2.97,3.53,23.65,78,4,1652.76,100.00,168.68,0
2026-09-30 20:13:43,3,100,38,4124.24,1906.95,79,19,4.03,3.23,27.50,109,5,1930.20,125.00,185.81,0
2026-09-30 20:13:44,3,100,42,3810.93,1730.73,80,25,3.36,3.16,23.65,96,4,1848.07,100.00,167.39,0
2026-09-30 20:13:45,3,100,29,4023.84,1940.91,78,20,4.10,3.15,26.20,98,4,1952.36,100.00,133.98,0
2026-09-30 20:13:47,3,100,23,3783.43,1655.68,66,27,4.00,2.61,20.25,74,3,2084.73,75.00,88.17,0
2026-09-30 20:13:52,3,100,50,4139.58,1762.05,77,25,3.51,3.27,26.25,93,4,2097.78,100.00,198.61,0
2026-09-30 20:14:09,3,100,24,3190.89,1417.79,89,24,3.40,3.28,21.35,74,4,1599.28,100.00,63.80,0
2026-09-30 20:14:09,3,100,32,3603.31,1609.09,78,20,3.46,3.81,24.80,99,4,1621.09,100.00,119.29,0
2026-09-30 20:14:14,3,100,28,3640.12,1440.56,83,26,3.35,3.09,22.70,85,4,1835.52,100.00,74.57,0
2026-09-30 20:14:38,3,100,35,3505.36,1623.47,85,21,3.51,3.21,25.70,81,4,1700.71,100.00,96.11,0
